evidence_origin,url,source_type,pain_category,short_evidence,why_relevant,usable_in_report,strength_score
crawler,https://www.tradingview.com/pine-script-docs/concepts/repainting/,official_doc,repainting_or_lookahead,Concepts / Repainting Version Version 6 Version 5 Version 4 Version 3 Theme Dark Light Auto Welcome to Pine Script® v6 Pine Script® primer First steps First indicator Next steps Language Execution model Type system Script structure Identifiers Declaration statements Variable declarations Operators Conditional structures Loops Built-ins User-defined,Automated crawler found keyword evidence for repainting_or_lookahead.,yes,195
crawler,https://www.tradingview.com/pine-script-docs/concepts/strategies/,official_doc,backtest_realism, User-defined functions Objects Enums Methods Arrays Matrices Maps Visuals Overview Backgrounds Bar coloring Bar plotting Colors Fills Levels Lines and boxes Plots Tables Text and shapes Concepts Alerts Bar states Chart information Inputs Libraries Non-standard charts data Other timeframes and data Repainting Sessions Strategies Strings Time Timefr,Automated crawler found keyword evidence for backtest_realism.,yes,222
crawler,https://www.tradingview.com/pine-script-docs/concepts/other-timeframes-and-data/,official_doc,repainting_or_lookahead, User-defined functions Objects Enums Methods Arrays Matrices Maps Visuals Overview Backgrounds Bar coloring Bar plotting Colors Fills Levels Lines and boxes Plots Tables Text and shapes Concepts Alerts Bar states Chart information Inputs Libraries Non-standard charts data Other timeframes and data Repainting Sessions Strategies Strings Time Timefr,Automated crawler found keyword evidence for repainting_or_lookahead.,yes,373
crawler,https://www.tradingview.com/support/solutions/43000529348-how-to-configure-webhook-alerts/,official_doc,alert_or_webhook_workflow,"How to configure webhook alerts — TradingView Search EN Get started How to configure webhook alerts A TradingView webhook notifies your external app when an alert is triggered. Instead of manually checking charts, we can automatically send data via an HTTP POST request to a URL you provide. This feature can be enabled when you create or edit an ale",Automated crawler found keyword evidence for alert_or_webhook_workflow.,yes,31
crawler,https://www.tradingview.com/support/solutions/43000520149-introduction-to-tradingview-alerts/,official_doc,alert_or_webhook_workflow,"mobile app to get notified on your phone Toast notification: When enabled, a pop-up message will appear even if you are browsing in another tab. For this feature to work correctly, allow TradingView to show desktop notifications Email: Alerts are sent to the email address from your profile settings Webhook URL : Sends a POST request to a certain UR",Automated crawler found keyword evidence for alert_or_webhook_workflow.,yes,72
crawler,https://www.tradingview.com/support/solutions/43000690941-how-to-get-more-active-alerts-per-subscription/,official_doc,alert_or_webhook_workflow,"How to get more active alerts per subscription — TradingView Search EN Get started How to get more active alerts per subscription At the moment, the current limits are as follows: Premium Plan : 800 active alerts (400 price alerts + 400 technical alerts). Ultimate Plan : 2000 active alerts (1000 price alerts + 1000 technical alerts). The lower plan",Automated crawler found keyword evidence for alert_or_webhook_workflow.,yes,11
crawler,https://www.tradingview.com/support/solutions/43000742436-tradingview-pine-screener-key-features-and-requirements/,official_doc,alert_or_webhook_workflow," default 1-day time interval Studies settings and time intervals can be changed in the indicator dropdown. When the selected indicator is loaded, the following conditions are applied: The first ten plots are added for subsequent filter configuration These plots are added to the table as columns Two alert conditions from the script are added The opt",Automated crawler found keyword evidence for alert_or_webhook_workflow.,yes,6
crawler,https://www.tradingview.com/pricing/,pricing,alert_or_webhook_workflow,r indicators 100K+ community-powered indicators Indicator on indicator 1 1 9 24 49 Indicators per chart 2 5 10 25 50 Financials per chart 1 4 7 10 25 Custom indicator templates 1 110+ smart drawing tools Volume Profile indicators Time Price Opportunities Volume footprint Volume candles Pine Script® Backtesting for trading strategies Export strategy,Automated crawler found keyword evidence for alert_or_webhook_workflow.,yes,74
crawler,https://www.tradingview.com/scripts/non-repaint/,marketplace_listing,repainting_or_lookahead,"Non-repaint — Indicators and Strategies — TradingView Search EN Get started All types All types Open-source only Most recent Most popular Tema RSI Return + Trend + Impulse Filter TEMA 9 RSI Return + Trend & Impulse Filter This indicator combines Triple EMA momentum, RSI-style normalization, slope confirmation, and ATR-based impulse filtering to pro",Automated crawler found keyword evidence for repainting_or_lookahead.,yes,38
crawler,https://www.tradingview.com/scripts/backtest/,marketplace_listing,backtest_realism,"two date windows side by side, each showing average R and trade count per side, plus an automatic verdict. 3. The entry signal — how it is calculated 3.1 The breakout channel The rails are the highest high and lowest low of the last N bars (default 20), measured up to the previous bar so they never repaint: upBreak = highest(high, 20) of the prior ",Automated crawler found keyword evidence for backtest_realism.,yes,245
crawler,https://www.tradingview.com/scripts/webhook/,marketplace_listing,alert_or_webhook_workflow,"n Auto-Reversal: Opposite signals automatically close and reverse positions Webhook Ready: Six distinct alert messages for automation (Entry Buy/Sell, Close Long/Short, SL Hit Long/Short) Performance Metrics NIFTY Futures (15min): 50%+ win rate with ADX filter OFF Crypto Markets: Requires extensive backtesting before live deployment Optimal Timefra",Automated crawler found keyword evidence for alert_or_webhook_workflow.,yes,260
crawler,https://www.tradingview.com/scripts/strategy/,marketplace_listing,alert_or_webhook_workflow," structureAverage ) 4. Multi-Layer Cloud The cloud is built from ATR-adjusted bands around the adaptive structure average. Inner, middle, and outer layers give a visual read of compression, transition, and extended distance from structure. 5. Strength-Based Candle Coloring When enabled, candles are repainted with a gradient based on distance from t",Automated crawler found keyword evidence for alert_or_webhook_workflow.,yes,272
crawler,https://www.tradingview.com/scripts/pinescript/,marketplace_listing,alert_or_webhook_workflow,"d-bars toggle governs what the script computes. In Live mode the centerline, momentum, bands and signals update intrabar on the developing bar for the fastest response, with the current bar able to change until it closes. In Confirmed mode everything is locked to closed bars only, so signals do not repaint and print on the bar that closes the move.",Automated crawler found keyword evidence for alert_or_webhook_workflow.,yes,119
crawler,https://www.buildalpha.com/tradingview-strategy-generator/,competitor,no_code_or_template_need,"Build, Test & Deploy Pine Script Most “strategy builders” focus on writing code — not on proving the strategy is robust. Here’s a better workflow. Get Build Alpha Watch Demo Definition What Is a TradingView Strategy Generator? Any tool or workflow that helps you define rule-based entries and exits, backtest on historical data, optimize parameters, ",Automated crawler found keyword evidence for no_code_or_template_need.,yes,28
crawler,https://trendspider.com/product/strategy-development-and-backtesting-tools/,competitor,backtest_realism,Trading Strategy Backtesting Software | TrendSpider Skip to Main Content Products Tools Solutions Resources (833) 587-3637 Login Sign up now Premium Market Research & Trading Platform Hundreds of institutional-grade capabilities that elevate every part of your trading workflow. Platform overview Contact Sales Plans & Pricing Explore the platform An,Automated crawler found keyword evidence for backtest_realism.,yes,50
crawler,https://webhooktrade.com/,competitor,alert_or_webhook_workflow,WebhookTrade - TradingView Alerts to MetaTrader (MT4/MT5) Trading Automation Without Coding Easily connect TradingView with MetaTrader or API Brokers to transform your alerts into automated orders. Set everything up in under 5 minutes. Start for Free See How It Works Execute Your Strategies Instantly in 3 Steps 1 1. Create Account/API Key Create yo,Automated crawler found keyword evidence for alert_or_webhook_workflow.,yes,21
crawler,https://quantpedia.com/,competitor,paid_indicator_trust,Homepage - QuantPedia Quantpedia - The Encyclopedia of Algorithmic and Quantitative Trading Strategies Turn Academic Research Into Your Trading Advantage Save your time We’ve already read hundreds of thousands of financial research papers Get trading ideas We've identified more than 1000 attractive trading systems together with hundreds of related ,Automated crawler found keyword evidence for paid_indicator_trust.,maybe,3
crawler,https://www.botjockie.com/services.html,competitor_or_service,alert_or_webhook_workflow,"tors Custom Indicators Whether you need a proprietary signal system, a multi-timeframe confluence tool, or a completely unique visual overlay, we translate your concept into clean, optimised Pine Script v6 code. Every indicator is built with performance in mind â no unnecessary recalculations, no repainting issues, and full compatibility with Tra",Automated crawler found keyword evidence for alert_or_webhook_workflow.,yes,29
manual,https://www.tradingview.com/pine-script-docs/concepts/repainting/,official_doc,repainting_or_lookahead,TradingView documentation explains repainting as a case where historical and realtime calculations or plots behave differently.,Supports the claim that repainting is an official platform-level technical issue rather than an invented pain point,yes,manual
manual,https://www.tradingview.com/support/solutions/43000529348-how-to-configure-webhook-alerts/,official_doc,alert_or_webhook_workflow,TradingView documentation explains that alerts can send HTTP POST requests to a configured webhook URL.,Supports PineGuard's webhook-based alert collection and forward-test monitoring design,yes,manual
manual,https://www.tradingview.com/pine-script-docs/concepts/repainting/,official_doc,repainting_or_lookahead,TradingView explains that repainting occurs when historical and realtime calculations or plots behave differently.,Shows that historical/live mismatch is an official Pine Script reliability issue,yes,manual
manual,https://www.tradingview.com/pine-script-docs/concepts/other-timeframes-and-data/,official_doc,repainting_or_lookahead,TradingView documents request.security and higher-timeframe data behavior that can create misleading historical signals if used incorrectly.,Supports PineGuard's need to flag lookahead and higher-timeframe reliability risks,yes,manual
manual,https://www.tradingview.com/pine-script-docs/concepts/strategies/,official_doc,backtest_realism,TradingView strategy documentation discusses broker-emulator behavior orders commissions slippage and strategy-testing assumptions.,Supports the claim that backtest realism depends on execution assumptions rather than raw chart signals alone,yes,manual
manual,https://www.tradingview.com/support/solutions/43000529348-how-to-configure-webhook-alerts/,official_doc,alert_or_webhook_workflow,TradingView supports webhook alerts that send HTTP POST requests to external URLs when alerts fire.,Supports PineGuard's webhook-based alert logging and forward-test monitor,yes,manual
manual,https://www.tradingview.com/support/solutions/43000520149-introduction-to-tradingview-alerts/,official_doc,alert_or_webhook_workflow,TradingView documents alerts as a core workflow for notifying users when chart conditions are met.,Shows that alert events are a native data stream PineGuard can collect and analyze,yes,manual
manual,https://www.tradingview.com/scripts/non-repaint/,marketplace_listing,repainting_or_lookahead,TradingView public script listings use non-repaint language as a visible selling point for indicators and strategies.,Shows that non-repainting is part of marketplace demand language rather than only a technical documentation issue,yes,manual
manual,https://www.tradingview.com/scripts/backtest/,marketplace_listing,backtest_realism,TradingView public script listings include backtest-related strategies and descriptions.,Shows that backtesting language appears in the public strategy marketplace,yes,manual
manual,https://www.tradingview.com/scripts/webhook/,marketplace_listing,alert_or_webhook_workflow,TradingView public script listings include webhook-related scripts and automation-oriented descriptions.,Supports the claim that webhook workflows are visible in the TradingView ecosystem,yes,manual
manual,https://pineify.app/,competitor,no_code_or_template_need,Pineify positions itself as a no-code or AI-assisted Pine Script workflow for building indicators and strategies.,Supports a willingness-to-pay proxy for lower-friction Pine strategy creation tools,yes,manual
manual,https://www.buildalpha.com/tradingview-strategy-generator/,competitor,no_code_or_template_need,Build Alpha offers a TradingView strategy generator that turns strategy ideas into Pine Script workflows.,Supports the existence of adjacent strategy-generation products around TradingView,yes,manual
manual,https://trendspider.com/product/strategy-development-and-backtesting-tools/,competitor,backtest_realism,TrendSpider markets strategy development and backtesting tools as a product feature.,Supports willingness-to-pay for structured strategy testing beyond manual chart inspection,yes,manual
manual,https://traderspost.io/signals/tradingview,competitor,alert_or_webhook_workflow,TradersPost provides a TradingView signal workflow that connects alerts to external automation.,Shows that TradingView alerts already support paid downstream workflow products,yes,manual
manual,https://pineconnector.com/,competitor,alert_or_webhook_workflow,PineConnector markets TradingView-to-MetaTrader automation based on alerts and connectors.,Supports the claim that alert automation is commercially relevant,yes,manual
manual,https://webhooktrade.com/,competitor,alert_or_webhook_workflow,WebhookTrade markets webhook-based automation for TradingView alerts and trading workflows.,Provides adjacent-product evidence for monetizing TradingView webhook data flows,yes,manual
manual,https://www.botjockie.com/services.html,competitor_or_service,paid_indicator_trust,BotJockie offers trading-system-related services that include development and review-like support.,Supports a weak but relevant proxy that users may pay for external strategy expertise or validation,maybe,manual
manual,https://quantpedia.com/,competitor,forward_test_need,Quantpedia organizes research-based trading strategy ideas and performance evidence.,Supports the idea that research-inspired strategy templates can be packaged as a data product,maybe,manual
